{
	"default": {
		"name": "Unknown",
		"wall": 0,
		"cannon_deff": false,
		"cannon_in_minerals": false,
		"worker_rush_vulnerable": false,
		"cannon_rush_vulnerable": false,
		"adept_rush_vulnerable": false,
		"oracle_rush_vulnerable": false,
		"phoenix_rush_vulnerable": false,
		"dark_templar_vulnerable": false,
		"void_rush": 4,
		"void_off": 12,
		"mothership": false,
		"observer_delay": 10,
		"panic_deff": false,
		"ground_defenses": [1, 0, 0, 0, 0]
	},
	"c5e0e203-bfa8-4f8f-a96d-5235a9a481af": {
		"name": "SharpenedEdge",
		"wall": 0,
		"cannon_deff": false,
		"cannon_in_minerals": false,
		"worker_rush_vulnerable": false,
		"cannon_rush_vulnerable": false,
		"adept_rush_vulnerable": false,
		"oracle_rush_vulnerable": false,
		"phoenix_rush_vulnerable": false,
		"dark_templar_vulnerable": false,
		"void_rush": 4,
		"void_off": 12,
		"mothership": false,
		"observer_delay": 10,
		"panic_deff": false,
		"ground_defenses": [1, 0, 0, 0, 0]
	},
	"5d8dceae-5f36-4e9b-81ba-6a20fd8977e6": {
		"name": "BetterWorkerRush",
		"wall": 1,
		"cannon_deff": false,
		"cannon_in_minerals": false,
		"worker_rush_vulnerable": false,
		"cannon_rush_vulnerable": false,
		"adept_rush_vulnerable": false,
		"oracle_rush_vulnerable": false,
		"phoenix_rush_vulnerable": false,
		"dark_templar_vulnerable": false,
		"void_rush": 1,
		"void_off": 2,
		"mothership": false,
		"observer_delay": 10,
		"panic_deff": false,
		"ground_defenses": [1, 0, 0, 0, 0]
	},
	"b01e84e6-cfcd-4951-b5af-089c73ec8cc2": {
		"name": "Chance",
		"wall": 1,
		"cannon_deff": false,
		"cannon_in_minerals": false,
		"worker_rush_vulnerable": false,
		"cannon_rush_vulnerable": false,
		"adept_rush_vulnerable": false,
		"oracle_rush_vulnerable": false,
		"phoenix_rush_vulnerable": false,
		"dark_templar_vulnerable": false,
		"void_rush": 1,
		"void_off": 2,
		"mothership": false,
		"observer_delay": 10,
		"panic_deff": false,
		"ground_defenses": [1, 0, 0, 0, 0]
	},
	"7efb2923-08e7-42a6-a83f-afbe07e78738": {
		"name": "BenWorker",
		"wall": 1,
		"cannon_deff": false,
		"cannon_in_minerals": false,
		"worker_rush_vulnerable": false,
		"cannon_rush_vulnerable": false,
		"adept_rush_vulnerable": false,
		"oracle_rush_vulnerable": false,
		"phoenix_rush_vulnerable": false,
		"dark_templar_vulnerable": false,
		"void_rush": 1,
		"void_off": 2,
		"mothership": false,
		"observer_delay": 10,
		"panic_deff": false,
		"ground_defenses": [1, 0, 0, 0, 0]
	},
	"d563cb5d-2794-449c-8587-3673bb96f6f3": {
		"name": "simple_zerg",
		"wall": 0,
		"cannon_deff": false,
		"cannon_in_minerals": false,
		"worker_rush_vulnerable": false,
		"cannon_rush_vulnerable": false,
		"adept_rush_vulnerable": false,
		"oracle_rush_vulnerable": false,
		"phoenix_rush_vulnerable": false,
		"dark_templar_vulnerable": false,
		"void_rush": 1,
		"void_off": 8,
		"mothership": true,
		"observer_delay": 3,
		"panic_deff": true,
		"ground_defenses": [0, 0, 0, 0, 1]
	},
	"12c39b76-7830-4c1f-9faa-37c68183396b": {
		"name": "WorthlessBot",
		"wall": 0,
		"cannon_deff": false,
		"cannon_in_minerals": false,
		"worker_rush_vulnerable": false,
		"cannon_rush_vulnerable": false,
		"adept_rush_vulnerable": false,
		"oracle_rush_vulnerable": false,
		"phoenix_rush_vulnerable": false,
		"dark_templar_vulnerable": false,
		"void_rush": 1,
		"void_off": 3,
		"mothership": false,
		"observer_delay": 4,
		"panic_deff": false,
		"ground_defenses": [4, 0, 0, 0, 0]
	},
	"3f36d563-c588-4c08-ad84-222a0456535d": {
		"name": "TyrZ",
		"wall": 0,
		"cannon_deff": false,
		"cannon_in_minerals": false,
		"worker_rush_vulnerable": false,
		"cannon_rush_vulnerable": false,
		"adept_rush_vulnerable": false,
		"oracle_rush_vulnerable": false,
		"phoenix_rush_vulnerable": false,
		"dark_templar_vulnerable": false,
		"void_rush": 12,
		"void_off": 12,
		"mothership": true,
		"observer_delay": 5,
		"panic_deff": false,
		"ground_defenses": [4, 0, 0, 0, 0]
	},
	"74904ede-cf2d-4c37-914f-526879e6bfe4": {
		"name": "ValinMarineBot",
		"wall": 0,
		"cannon_deff": false,
		"cannon_in_minerals": false,
		"worker_rush_vulnerable": true,
		"cannon_rush_vulnerable": false,
		"adept_rush_vulnerable": false,
		"oracle_rush_vulnerable": false,
		"phoenix_rush_vulnerable": false,
		"dark_templar_vulnerable": false,
		"void_rush": 8,
		"void_off": 12,
		"mothership": false,
		"observer_delay": 10,
		"panic_deff": false,
		"ground_defenses": [0, 6, 0, 0, 0]
	},
	"6cb484c5-75ed-4217-9e3e-2686df9d69c4": {
		"name": "OneBaseBc",
		"wall": 0,
		"cannon_deff": false,
		"cannon_in_minerals": false,
		"worker_rush_vulnerable": false,
		"cannon_rush_vulnerable": false,
		"adept_rush_vulnerable": false,
		"oracle_rush_vulnerable": false,
		"phoenix_rush_vulnerable": false,
		"dark_templar_vulnerable": false,
		"void_rush": 8,
		"void_off": 12,
		"mothership": true,
		"observer_delay": 10,
		"panic_deff": false,
		"ground_defenses": [0, 0, 0, 0, 0]
	}
}